"Index","Name","Name",
"1","132 - Bristol - Riverside","Bristol ",
"2","208 - Monarch ATM","208 - Monarch ATM",
"3","216 - Somers ATM","216 - Somers ATM",
"4","225 - Goodwin HQ Floor 22","Goodwin HQ",
"5","225 - Goodwin HQ Floor 26","225 - Goodwin HQ Floor 26",
"6","225 - Goodwin HQ Floor 21","225 - Goodwin HQ Floor 21",
"7","225 - Goodwin HQ Floor 20","225 - Goodwin HQ Floor 20",
"8","225 - Goodwin HQ Floor 26 Elevator","225 - Goodwin HQ Floor 26 Elevator",
"9","208 - Monarch Branch","208 - Monarch Branch",
"11","225 - Goodwin HQ Floor 24","225 - Goodwin HQ Floor 24",
"12","151 - City Place Branch","151 - City Place Branch",
"15","225 - Goodwin ATM","225 - Goodwin ATM",
"16","218 - Yardgoats","218 - Yardgoats",
"17","014 - Ellington RD SW","14 - Ellington RD SW",
"18","158 - East Longmeadow Branch",,
"20","160 - Waterford Branch","160 - Waterford Branch",
"21","156 - West Springfield Branch","156 - West Springfield Branch",
"22","155 - Groton Branch","155 - Groton Branch",
"23","159 - Westerly Branch","159 - Westerly Branch",
"24","157 - Springfield Branch","157 - Springfield Branch",
"25","152 - Greenwich Branch","152 - Greenwich Branch",
"26","000 - Template","000 - Template",
"28","137 - Enfield Branch / Office","137 - Enfield Branch / Office",
"29","154 - Westport Branch","154 - Westport Branch",
"30","253 - NH Data Center","253 - NH Data Center",
"31","134 - Bristol - Farmington Ave","000 - Template",
"32","135 - Cheshire Branch","135 - Cheshire Branch",
"33","133 - Southington Branch","000 - Template",
"34","112 - Feeding Hills","112 - Feeding Hills",
"35","104 - Sixteen Acres","104 - Sixteen Acres",
